Date,Description,Amount,Address,City/State,Zip Code,Country,Category,,,,,
1/4/22,E-Payment, $542.00 ,,,,,Housing,,,,,
1/4/22,UBER EATS           SAN FRANCISCO       CA, $26.33 ,"1455 MARKET ST
-","SAN FRANCISCO
CA",94103,UNITED STATES,Food - Restaurants,,,,,
1/6/22,BT*TUTORS.COM       AUSTIN              TX, $29.99 ,4609 TRL CRST CIR,"AUSTIN
TX",78735,UNITED STATES,Subscription,,,,,
1/9/22,MT FUJI SUSHI JAPANEMAPLEWOOD           NJ, $17.81 ,"166 MAPLEWOOD AVE
STE A","MAPLEWOOD
NJ",07040,UNITED STATES,Food - Restaurants,,,,,
1/10/22,Audible             audible.com         NJ, $15.66 ,1 WASHINGTON PARK,"NEWARK
NJ",07102-3122,UNITED STATES,Personal - Books,,,,,
1/10/22,UPWORK*-443405899REFSANTA CLARA, $92.70 ,"441 LOGUE AVE
-","MOUNTAIN VIEW
CA",94043,UNITED STATES,Personal - Miscellaneous,,,,,
1/11/22,MCDONALD'S          WEST ORANGE         NJ, $7.46 ,573 NORTHFIELD AVE,"WEST ORANGE
NJ",07052,UNITED STATES,Food - Restaurants,,,,,
1/12/22,APPLE STORE R043 R04SHORT HILLS         NJ, $84.23 ,"1200 MORRIS TPKE
STE B103","SHORT HILLS
NJ",07078-0441,UNITED STATES,Personal - Electronics,,,,,
1/12/22,INDIGO Personal - Books        WILMINGTON          DE, $22.44 ,1200 MORRIS TPKE,"SHORT HILLS
NJ",07078,UNITED STATES,Personal - Books,,,,,
1/12/22,NORDSTROM           SHORT HILLS         NJ, $61.10 ,1200 MORRIS TPKE,"SHORT HILLS
NJ",07078,UNITED STATES,Personal - Clothing,,,,,
1/12/22,QDOBA 2112          SHORT HILLS         NJ, $10.97 ,2 KELLER CT,"MONTVILLE
NJ",07045-8909,UNITED STATES,Food - Restaurants,,,,,
1/12/22,THE HOME DEPOT      VAUXHALL            NJ, $36.20 ,"2445 SPRINGFIELD AVE
-","VAUXHALL
NJ",07088-1098,UNITED STATES,Personal - Furniture,,,,,
1/12/22,VICTORIA'S SECRET 00SHORT HILLS         NJ, $32.00 ,1200 MORRIS TPKE,"SHORT HILLS
NJ",07078,UNITED STATES,Personal - Clothing,,,,,
1/13/22,ADVANCE AUTO PARTS #MAPLEWOOD           NJ, $13.85 ,"1752 SPRINGFIELD AVENUE
-","MAPLEWOOD
NJ",07040,UNITED STATES,Transportation - Maintenance,,,,,
1/13/22,MCDONALD'S          SCOTCH PLAINS       NJ, $7.46 ,1967 US HWY 22,"SCOTCH PLAINS
NJ",07076,UNITED STATES,Food - Restaurants,,,,,
1/14/22,AMAZON.COM*9Y9OY9IP3AMZN.COM/BILL       WA, $21.26 ,410 TERRY AVE N,"SEATTLE
WA",98109,UNITED STATES,Personal - Books,,,,,
1/16/22,TARGET              NORTH HAVEN         CT, $297.69 ,200 UNIVERSAL DR NORTH,"NORTH HAVEN
CT",06473,UNITED STATES,Personal - Furniture,,,,,
1/17/22,AplPay TARGET       NORTH HAVEN         CT, $113.98 ,200 UNIVERSAL DR NORTH,"NORTH HAVEN
CT",06473,UNITED STATES,Personal - Furniture,,,,,
1/18/22,E-Payment, $173.00 ,,,,,Transportation - Loan,,,,,
1/18/22,E-Payment, $116.00 ,,,,,Transportation - Insurance,,,,,
1/23/22,BT*TUTORS.COM       AUSTIN              TX, $29.99 ,4609 TRL CRST CIR,"AUSTIN
TX",78735,UNITED STATES,Subscription,,,,,
1/24/22,UPWORK*-447035884REFSANTA CLARA, $20.60 ,"441 LOGUE AVE
-","MOUNTAIN VIEW
CA",94043,UNITED STATES,Personal - Miscellaneous,,,,,
1/27/22,AplPay TARGET       NORTH HAVEN         CT, $4.49 ,200 UNIVERSAL DR NORTH,"NORTH HAVEN
CT",06473,UNITED STATES,Food - Groceries,,,,,
1/28/22,NEW HAVEN PARKING MONEW HAVEN           CT, $0.83 ,200 ORANGE ST,"NEW HAVEN
CT",06510-2016,UNITED STATES,Transportation - Parking & Tolls,,,,,
1/28/22,NEW HAVEN PARKING MONEW HAVEN           CT, $1.08 ,200 ORANGE ST,"NEW HAVEN
CT",06510-2016,UNITED STATES,Transportation - Parking & Tolls,,,,,
1/28/22,www.cvs.com 00000269800-746-7287        RI, $5.33 ,1 CVS DR,"WOONSOCKET
RI",02895-6146,UNITED STATES,Food - Groceries,,,,,
1/30/22,Amazon Prime        Amazon.com          WA, $6.92 ,"410 TERRY AVE N
-","SEATTLE
WA",98109,UNITED STATES,Personal - Books,,,,,
1/31/22,E-Payment, $700.00 ,,,,,Housing,,,,,
1/31/22,GAMESTOP            NORTH HAVEN         CT, $7.43 ,100 UNIVERSAL DR NORTH,"NORTH HAVEN
CT",06473,UNITED STATES,Personal - Entertainment,,,,,
1/31/22,P&M ORANGE STREET MANEW HAVEN           CT, $11.27 ,721 ORANGE ST,"NEW HAVEN
CT",06511,UNITED STATES,Food - Groceries,,,,,
1/31/22,SUNOCO 8000319402 80NEW HAVEN           CT, $30.00 ,-,"-
TX",75231,UNITED STATES,Transportation - Gas,,,,,
1/31/22,TARGET              NORTH HAVEN         CT, $11.61 ,200 UNIVERSAL DR NORTH,"NORTH HAVEN
CT",06473,UNITED STATES,Food - Groceries,,,,,
1/31/22,UPWORK*-448908657REFSANTA CLARA, $154.50 ,"441 LOGUE AVE
-","MOUNTAIN VIEW
CA",94043,UNITED STATES,Personal - Miscellaneous,,,,,
2/1/22,STOP & SHOP #2633   NEW HAVEN           CT, $17.00 ,140 WHALLEY AVE,"NEW HAVEN
CT",06511,UNITED STATES,Food - Groceries,,,,,
2/2/22,SUSHI PALACE ORANGE ORANGE              CT, $23.00 ,538 BOSTON POST RD,"ORANGE
CT",06477,UNITED STATES,Food - Restaurants,,,,,
2/3/22,WHOLE Food - GroceriesS MARKET  MILFORD             CT, $11.65 ,1686 BOSTON POST RD,"MILFORD
CT",06460,UNITED STATES,Food - Groceries,,,,,
2/7/22,UPWORK*-450844339REFSANTA CLARA, $36.05 ,"441 LOGUE AVE
-","MOUNTAIN VIEW
CA",94043,UNITED STATES,Personal - Miscellaneous,,,,,
2/11/22,E-Payment, $103.77 ,,,,,Utilities - Electric,,,,,
2/11/22,STOP & SHOP #2633   NEW HAVEN           CT, $55.96 ,140 WHALLEY AVE,"NEW HAVEN
CT",06511,UNITED STATES,Food - Groceries,,,,,
2/17/22,E-Payment, $173.00 ,,,,,Transportation - Loan,,,,,
2/17/22,E-Payment, $116.00 ,,,,,Transportation - Insurance,,,,,
2/28/22,www.cvs.com 00000269800-746-7287        RI, $5.33 ,1 CVS DR,"WOONSOCKET
RI",02895-6146,UNITED STATES,Food - Groceries,,,,,
3/3/22,AplPay APPLE.COM/BILINTERNET CHARGE     CA, $0.99 ,One Apple Park Way,"Cupertino
CA",95014,UNITED STATES,Subscription,,,,,
3/4/22,ENOTECA CASSANOVA ENNEW HAVEN           CT, $3.40 ,717 ORANGE ST,"NEW HAVEN
CT",06511-0000,UNITED STATES,Food - Groceries,,,,,
3/7/22,E-Payment, $700.00 ,,,,,Housing,,,,,
3/8/22,UPWORK*-458896638REFSANTA CLARA, $618.00 ,"441 LOGUE AVE
-","MOUNTAIN VIEW
CA",94043,UNITED STATES,Personal - Miscellaneous,,,,,
3/14/22,E-Payment, $129.08 ,,,,,Utilities - Gas,,,,,
3/15/22,E-Payment, $173.00 ,,,,,Transportation - Loan,,,,,
3/15/22,E-Payment, $116.00 ,,,,,Transportation - Insurance,,,,,
3/15/22,NEW HAVEN PARKING MONEW HAVEN           CT, $1.83 ,200 ORANGE ST,"NEW HAVEN
CT",06510-2016,UNITED STATES,Transportation - Parking & Tolls,,,,,
3/16/22,NEW HAVEN PARKING MONEW HAVEN           CT, $1.83 ,200 ORANGE ST,"NEW HAVEN
CT",06510-2016,UNITED STATES,Transportation - Parking & Tolls,,,,,
3/20/22,NEW JERSEY E-Z PASS 888-288-6865        NJ, $25.00 ,375 MCCARTER HWY,"NEWARK
NJ",07114-2562,UNITED STATES,Transportation - Parking & Tolls,,,,,
3/23/22,OAK HALL CAP & GOWN SALEM               VA, $14.84 ,840 UN ST,"SALEM
VA",24153-5121,UNITED STATES,Personal - Clothing,,,,,
3/28/22,NEW JERSEY E-Z PASS 888-288-6865        NJ, $25.00 ,375 MCCARTER HWY,"NEWARK
NJ",07114-2562,UNITED STATES,Transportation - Parking & Tolls,,,,,
3/28/22,www.cvs.com 00000269800-746-7287        RI, $5.33 ,1 CVS DR,"WOONSOCKET
RI",02895-6146,UNITED STATES,Health Care,,,,,
3/31/22,E-Payment, $700.00 ,,,,,Housing,,,,,
3/31/22,BRILLIANTEARTHLLC   SAN FRANCISCO       CA," $2,924.64 ",300 GRANT AVE,"SAN FRANCISCO
CA",94108,UNITED STATES,Personal - Miscellaneous,,,,,
4/2/22,BARNES & NOBLE      CLARK               NJ, $56.50 ,1180 RARITAN RD,"CLARK
NJ",07066,UNITED STATES,Personal - Books,,,,,
4/3/22,AplPay APPLE.COM/BILINTERNET CHARGE     CA, $0.99 ,One Apple Park Way,"Cupertino
CA",95014,UNITED STATES,Subscription,,,,,
4/4/22,EBAY O*22-08465-8277SAN JOSE, $79.76 ,2535 North First Street,"SAN JOSE
CA",95131,UNITED STATES,Personal - Art,,,,,
4/5/22,"MERWIN'S ART SHOP, LNEW HAVEN           CT", $79.76 ,1052 CHAPEL ST,"NEW HAVEN
CT",06510-0000,UNITED STATES,Personal - Art,,,,,
4/6/22,AplPay CHIPOTLE     MILFORD             CT, $14.38 ,1319 BOSTON POST RD SPC 4B,"MILFORD
CT",06460,UNITED STATES,Food - Restaurants,,,,,
4/6/22,"MERWIN'S ART SHOP, LNEW HAVEN           CT", $79.76 ,1052 CHAPEL ST,"NEW HAVEN
CT",06510-0000,UNITED STATES,Personal - Art,,,,,
4/8/22,EBAY O*23-08483-9769SAN JOSE, $46.58 ,2535 North First Street,"SAN JOSE
CA",95131,UNITED STATES,Personal - Art,,,,,
4/9/22,SUPER STOP & SHOP   WEST HAVEN          CT, $24.95 ,410 ELM ST,"WEST HAVEN
CT",06516,UNITED STATES,Food - Groceries,,,,,
4/9/22,THE HOME DEPOT      ORANGE              CT, $26.39 ,"440 BOSTON POST RD
-","ORANGE
CT",06477-3538,UNITED STATES,Personal - Furniture,,,,,
4/11/22,BARNES & NOBLE      MILFORD             CT, $4.18 ,1375 BOSTON POST RD,"MILFORD
CT",06460,UNITED STATES,Personal - Books,,,,,
4/18/22,NEW JERSEY E-Z PASS 888-288-6865        NJ, $25.00 ,375 MCCARTER HWY,"NEWARK
NJ",07114-2562,UNITED STATES,Transportation - Parking & Tolls,,,,,
4/21/22,E-Payment, $173.00 ,,,,,Transportation - Loan,,,,,
4/21/22,E-Payment, $116.00 ,,,,,Transportation - Insurance,,,,,
4/21/22,EBAY O*04-08539-5482SAN JOSE, $26.59 ,2535 North First Street,"SAN JOSE
CA",95131,UNITED STATES,Personal - Art,,,,,
4/21/22,HAMDEN MAZDA ISUZU 0HAMDEN              CT, $170.15 ,200 SKIFF ST,"HAMDEN
CT",06517-1004,UNITED STATES,Transportation - Maintenance,,,,,
4/21/22,SKULL & COMBS CO.   New Haven           CT, $46.25 ,832 STATE ST,"NEW HAVEN
CT",06511,UNITED STATES,Personal - Miscellaneous,,,,,
4/22/22,AplPay PARKMOBILE   NEWARK              NJ, $1.95 ,1100 SPG ST NORTH WEST STE 200,"ATLANTA
GA",30309,UNITED STATES,Transportation - Parking & Tolls,,,,,
4/22/22,AplPay PARKMOBILE   NEWARK              NJ, $3.45 ,1100 SPG ST NORTH WEST STE 200,"ATLANTA
GA",30309,UNITED STATES,Transportation - Parking & Tolls,,,,,
4/22/22,GOURMET DINING288834NEWARK              NJ, $1.95 ,150 BLEEKER ST,"NEWARK
NJ",07103,UNITED STATES,Food - Restaurants,,,,,
4/22/22,GOURMET DINING288834NEWARK              NJ, $7.99 ,150 BLEEKER ST,"NEWARK
NJ",07103,UNITED STATES,Food - Restaurants,,,,,
4/22/22,GOURMET DINING288834NEWARK              NJ, $8.99 ,150 BLEEKER ST,"NEWARK
NJ",07103,UNITED STATES,Food - Restaurants,,,,,
4/23/22,AplPay PARKMOBILE   HOBOKEN             NJ, $1.35 ,1100 SPG ST NORTH WEST STE 200,"ATLANTA
GA",30309,UNITED STATES,Transportation - Parking & Tolls,,,,,
4/23/22,AplPay PARKMOBILE   HOBOKEN             NJ, $3.35 ,1100 SPG ST NORTH WEST STE 200,"ATLANTA
GA",30309,UNITED STATES,Transportation - Parking & Tolls,,,,,
4/28/22,CVS CarePass 0000026800-746-7287        RI, $5.00 ,1CVSDRIVE,"WOONSOCKET
RI",02895,UNITED STATES,Health Care,,,,,
4/30/22,AplPay PARKMOBILE   HOBOKEN             NJ, $0.85 ,1100 SPG ST NORTH WEST STE 200,"ATLANTA
GA",30309,UNITED STATES,Transportation - Parking & Tolls,,,,,
4/30/22,AplPay PARKMOBILE   HOBOKEN             NJ, $0.85 ,1100 SPG ST NORTH WEST STE 200,"ATLANTA
GA",30309,UNITED STATES,Transportation - Parking & Tolls,,,,,
4/30/22,AplPay PARKMOBILE   HOBOKEN             NJ, $1.35 ,1100 SPG ST NORTH WEST STE 200,"ATLANTA
GA",30309,UNITED STATES,Transportation - Parking & Tolls,,,,,
4/30/22,AplPay PARKMOBILE   HOBOKEN             NJ, $1.85 ,1100 SPG ST NORTH WEST STE 200,"ATLANTA
GA",30309,UNITED STATES,Transportation - Parking & Tolls,,,,,
4/30/22,EBAY O*09-08570-7505SAN JOSE, $218.19 ,2535 North First Street,"SAN JOSE
CA",95131,UNITED STATES,Personal - Art,,,,,
4/30/22,NEW JERSEY E-Z PASS 888-288-6865        NJ, $25.00 ,375 MCCARTER HWY,"NEWARK
NJ",07114-2562,UNITED STATES,Transportation - Parking & Tolls,,,,,
5/1/22,EBAY O*07-08574-8260SAN JOSE, $21.27 ,2535 North First Street,"SAN JOSE
CA",95131,UNITED STATES,Personal - Art,,,,,
5/3/22,E-Payment, $546.38 ,,,,,Housing,,,,,
5/3/22,AplPay APPLE.COM/BILINTERNET CHARGE     CA, $0.99 ,One Apple Park Way,"Cupertino
CA",95014,UNITED STATES,Subscription,,,,,
5/3/22,AplPay PARKMOBILE   HOBOKEN             NJ, $0.85 ,1100 SPG ST NORTH WEST STE 200,"ATLANTA
GA",30309,UNITED STATES,Transportation - Parking & Tolls,,,,,
5/3/22,AplPay PARKMOBILE   HOUSTON             TX, $1.70 ,1100 SPG ST NORTH WEST STE 200,"ATLANTA
GA",30309,UNITED STATES,Transportation - Parking & Tolls,,,,,
5/3/22,AplPay PARKMOBILE   NEWARK              NJ, $4.20 ,1100 SPG ST NORTH WEST STE 200,"ATLANTA
GA",30309,UNITED STATES,Transportation - Parking & Tolls,,,,,
5/3/22,NEW JERSEY E-Z PASS 888-288-6865        NJ, $35.00 ,375 MCCARTER HWY,"NEWARK
NJ",07114-2562,UNITED STATES,Transportation - Parking & Tolls,,,,,
5/3/22,SLING TV LLC        888-363-1777        CO, $18.61 ,9601 SOUTH MERIDIAN BLVD,"ENGLEWOOD
CO",80112,UNITED STATES,Personal - Entertainment,,,,,
5/5/22,USPS PO 0847260511 0NEW HAVEN           CT, $1.79 ,50 BREWERY ST,"NEW HAVEN
CT",06511,UNITED STATES,Personal - Miscellaneous,,,,,
5/9/22,STOP & SHOP #2633   NEW HAVEN           CT, $24.30 ,140 WHALLEY AVE,"NEW HAVEN
CT",06511,UNITED STATES,Food - Groceries,,,,,
5/10/22,CORNELL STORE ONLINEITHACA              NY, $23.19 ,135 HO PLZ,"ITHACA
NY",14853,UNITED STATES,Personal - Clothing,,,,,
5/11/22,EBAY O*11-08615-9192SAN JOSE, $32.48 ,2535 North First Street,"SAN JOSE
CA",95131,UNITED STATES,Personal - Art,,,,,
5/15/22,CAMPUS TO CAMPUS    ITHACA              NY, $82.50 ,311 EAST PALM RD,"ITHACA
NY",14850,UNITED STATES,Transportation - Gas,,,,,
5/15/22,WALGREENS           RIVERSIDE           CT, $7.80 ,1333 EAST PUTNAM AVE,"RIVERSIDE
CT",06878,UNITED STATES,Personal - Miscellaneous,,,,,
5/16/22,AUTOZONE # 3475 0000NEW HAVEN           CT, $4.24 ,495 ORCH ST,"NEW HAVEN
CT",06511,UNITED STATES,Transportation - Maintenance,,,,,
5/16/22,EBAY O*25-08633-0455SAN JOSE, $6.37 ,2535 North First Street,"SAN JOSE
CA",95131,UNITED STATES,Personal - Art,,,,,
5/23/22,E-Payment, $173.00 ,,,,,Transportation - Loan,,,,,
5/23/22,E-Payment, $116.00 ,,,,,Transportation - Insurance,,,,,
5/26/22,STOP & SHOP         BRANFORD            CT, $16.42 ,22 LEETES IS RD STE 4,"BRANFORD
CT",06405,UNITED STATES,Food - Groceries,,,,,
5/27/22,"MERWIN'S ART SHOP, LNEW HAVEN           CT", $281.83 ,1052 CHAPEL ST,"NEW HAVEN
CT",06510-0000,UNITED STATES,Personal - Art,,,,,
5/28/22,NEW JERSEY E-Z PASS 888-288-6865        NJ, $35.00 ,375 MCCARTER HWY,"NEWARK
NJ",07114-2562,UNITED STATES,Transportation - Parking & Tolls,,,,,
6/1/22,YALE UNIVERSITY AMANNEW HAVEN           CT, $6.00 ,"2 WHITNEY AVE 1
FL","NEW HAVEN
CT",06520,UNITED STATES,Personal - Art,,,,,
6/3/22,AplPay APPLE.COM/BILINTERNET CHARGE     CA, $0.99 ,One Apple Park Way,"Cupertino
CA",95014,UNITED STATES,Subscription,,,,,
6/3/22,MARSHALLS           CLARK               NJ, $29.98 ,77 CENTRAL AVE,"CLARK
NJ",07066,UNITED STATES,Personal - Clothing,,,,,
6/4/22,SLING TV            ENGLEWOOD           CO, $37.22 ,9601 SOUTH MERIDIAN BLVD,"ENGLEWOOD
CO",80112-5905,UNITED STATES,Personal - Entertainment,,,,,
6/6/22,NEW JERSEY E-Z PASS 888-288-6865        NJ, $35.00 ,375 MCCARTER HWY,"NEWARK
NJ",07114-2562,UNITED STATES,Transportation - Parking & Tolls,,,,,
6/8/22,DISCORD* NITROMONTHLSAN FRANCISCO       CA, $9.99 ,"444 DE HARO ST
SUITE 200","SAN FRANCISCO
CA",94107,UNITED STATES,Personal - Miscellaneous,,,,,
6/12/22,AplPay PARKMOBILE   ITHACA              NY, $2.10 ,1100 SPG ST NORTH WEST STE 200,"ATLANTA
GA",30309,UNITED STATES,Transportation - Parking & Tolls,,,,,
6/12/22,FOUR SEASONS RESTAURITHACA              NY, $109.31 ,404 EDDY ST,"ITHACA
NY",14850,UNITED STATES,Food - Restaurants,,,,,
6/12/22,FOUR SEASONS RESTAURITHACA              NY, $291.38 ,404 EDDY ST,"ITHACA
NY",14850,UNITED STATES,Food - Restaurants,,,,,
6/13/22,AplPay PARKMOBILE   ITHACA              NY, $8.70 ,1100 SPG ST NORTH WEST STE 200,"ATLANTA
GA",30309,UNITED STATES,Transportation - Parking & Tolls,,,,,
6/13/22,CORNELL STORE LOW REITHACA              NY, $186.94 ,135 HO PLZ,"ITHACA
NY",14853,UNITED STATES,Personal - Clothing,,,,,
6/15/22,CANTALOUPE 2 0000   MALVERN             PA, $1.65 ,100 DEERFIELD LN STE 300,"MALVERN
PA",19355,UNITED STATES,Food - Groceries,,,,,
6/15/22,CANTALOUPE 2 0000   MALVERN             PA, $1.65 ,100 DEERFIELD LN STE 300,"MALVERN
PA",19355,UNITED STATES,Food - Groceries,,,,,
6/15/22,CANTALOUPE 2 0000   MALVERN             PA, $2.65 ,100 DEERFIELD LN STE 300,"MALVERN
PA",19355,UNITED STATES,Food - Groceries,,,,,
6/17/22,BOTANIST COFFEEHOUSEIthaca              NY, $75.60 ,1201 NORTH TIOGA ST,"ITHACA
NY",14850,UNITED STATES,Food - Restaurants,,,,,
6/18/22,CORNELL STORE LOW REITHACA              NY, $111.71 ,135 HO PLZ,"ITHACA
NY",14853,UNITED STATES,Personal - Clothing,,,,,
6/19/22,TST* COLLEGETOWN BAGITHACA              NY, $12.20 ,420 COLLEGE AVE,"ITHACA
NY",14850-4626,UNITED STATES,Food - Restaurants,,,,,
6/19/22,TST* COLLEGETOWN BAGITHACA              NY, $15.87 ,420 COLLEGE AVE,"ITHACA
NY",14850-4626,UNITED STATES,Food - Restaurants,,,,,
6/21/22,E-Payment, $173.00 ,,,,,Transportation - Loan,,,,,
6/21/22,E-Payment, $116.00 ,,,,,Transportation - Insurance,,,,,
6/24/22,KATZ'S DELI         WOODBRIDGE          CT, $300.00 ,1658 LITCHFIELD TPKE,"WOODBRIDGE
CT",06525,UNITED STATES,Food - Restaurants,,,,,
6/24/22,P&M ORANGE STREET MANEW HAVEN           CT, $34.33 ,721 ORANGE ST,"NEW HAVEN
CT",06511,UNITED STATES,Food - Groceries,,,,,
6/24/22,STAPLES 00446       HAMDEN              CT, $2.01 ,"2335 DIXWELL AVE
-","HAMDEN
CT",06514-2100,UNITED STATES,Personal - Miscellaneous,,,,,
6/24/22,STAPLES 00446       HAMDEN              CT, $613.08 ,"2335 DIXWELL AVE
-","HAMDEN
CT",06514-2100,UNITED STATES,Personal - Miscellaneous,,,,,
6/24/22,TARGET              ANSONIA             CT, $6.37 ,20 WEST MAIN ST,"ANSONIA
CT",06401,UNITED STATES,Food - Groceries,,,,,
6/25/22,CHIPOTLE 1927 0000  HAMDEN              CT, $19.54 ,2165 DIXWELL AVE,"HAMDEN
CT",06514-2116,UNITED STATES,Food - Restaurants,,,,,
6/25/22,COMCAST BOSTON CS 1X(800)266-2278       NH, $25.00 ,"676 ISLAND POND RD
-","MANCHESTER
NH",03109,UNITED STATES,Personal - Entertainment,,,,,
6/25/22,TARGET              NORTH HAVEN         CT, $43.95 ,200 UNIVERSAL DR NORTH,"NORTH HAVEN
CT",06473,UNITED STATES,Food - Groceries,,,,,
6/26/22,TARGET              NORTH HAVEN         CT, $138.79 ,200 UNIVERSAL DR NORTH,"NORTH HAVEN
CT",06473,UNITED STATES,Food - Groceries,,,,,
6/27/22,USPS CHANGE OF ADDRE800-238-3150        TN, $1.10 ,6060 PRIMACY PKWY,"MEMPHIS
TN",38119,UNITED STATES,Personal - Miscellaneous,,,,,
7/2/22,Amazon Web Services AWS.Amazon.com      WA, $0.17 ,1512 2ND AVE,"SEATTLE
WA",98101,UNITED STATES,Subscription,,,,,
7/3/22,AplPay APPLE.COM/BILINTERNET CHARGE     CA, $0.99 ,One Apple Park Way,"Cupertino
CA",95014,UNITED STATES,Subscription,,,,,
7/4/22,E-Payment," $1,860.00 ",,,,,Housing,,,,,
7/5/22,NEW JERSEY E-Z PASS 888-288-6865        NJ, $50.00 ,375 MCCARTER HWY,"NEWARK
NJ",07114-2562,UNITED STATES,Transportation - Parking & Tolls,,,,,
7/9/22,85 ROUTE 1 575457192METUCHEN            NJ, $34.00 ,12700 NORTHBOROUGH DR,"HOUSTON
TX",77067-2552,UNITED STATES,Transportation - Gas,,,,,
7/9/22,CIROS PIZZA 02177002COLONIA             NJ, $13.88 ,140 LK AVE,"COLONIA
NJ",07067,UNITED STATES,Food - Restaurants,,,,,
7/9/22,VIOC AN3120 AN31    EDISON              NJ, $50.21 ,1167 STATE RT 23,"KINNELON
NJ",07405-2038,UNITED STATES,Transportation - Maintenance,,,,,
7/11/22,E-Payment, $173.00 ,,,,,Transportation - Loan,,,,,
7/11/22,E-Payment, $116.00 ,,,,,Transportation - Insurance,,,,,
7/11/22,BARNES & NOBLE      MILFORD             CT, $39.88 ,1375 BOSTON POST RD,"MILFORD
CT",06460,UNITED STATES,Personal - Books,,,,,
7/12/22,E-Payment, $54.02 ,,,,,Utilities - Electric,,,,,
7/12/22,BUNGALOW            SAN FRANCISCO       CA," $1,707.06 ","1 LETTERMAN DR
SUITE C 500","SAN FRANCISCO
CA",94129,UNITED STATES,Transportation - Travel,,,,,
7/13/22,SPIRIT AIRLINES DIRECT SALES, $119.58 ,"18121 EAST 8 MILE RD
STE 100","EASTPOINTE
MI",48021-3241,UNITED STATES,Transportation - Travel,,,,,
7/14/22,EXPEDIA 723468289064EXPEDIA.COM         WA, $137.16 ,333 108TH AVE NORTH EAST,"BELLEVUE
WA",98004,UNITED STATES,Transportation - Travel,,,,,
7/15/22,COMCAST CABLE COMM  800-COMCAST         NH, $14.99 ,"676 ISLAND POND RD
-","MANCHESTER
NH",03109,UNITED STATES,Personal - Entertainment,,,,,
7/16/22,1371 MIDDLETOWN AVE NORTHFORD           CT, $30.00 ,"ATTN TEXACO CHARGEBACKS
12700 NORTHBOROUGH","HOUSTON
TX",77067,UNITED STATES,Transportation - Gas,,,,,
7/16/22,B&N BOOK YALE UNIV 3NEW HAVEN           CT, $226.39 ,77 BROADWAY,"NEW HAVEN
CT",06511-3411,UNITED STATES,Personal - Books,,,,,
7/17/22,KAMA SUSHI          STRATFORD           CT, $25.00 ,2410 MAIN ST,"STRATFORD
CT",06615-5940,UNITED STATES,Food - Restaurants,,,,,
7/17/22,STAPLES 01663       MILFORD             CT, $22.31 ,"1371 BOSTON POST ROAD
-","MILFORD
CT",06460,UNITED STATES,Personal - Miscellaneous,,,,,
7/18/22,SAKANA SUSHI. 0001  MONROE              CT, $24.05 ,435 MAIN ST,"MONROE
CT",06468,UNITED STATES,Food - Restaurants,,,,,
7/20/22,STOP & SHOP #2633   NEW HAVEN           CT, $29.92 ,140 WHALLEY AVE,"NEW HAVEN
CT",06511,UNITED STATES,Food - Groceries,,,,,
7/21/22,CUMBERLAND FARMS 476MONROE              CT, $20.25 ,455 MAIN ST,"MONROE
CT",06468,UNITED STATES,Transportation - Gas,,,,,
7/21/22,SKULL & COMBS CO.   New Haven           CT, $45.00 ,832 STATE ST,"NEW HAVEN
CT",06511,UNITED STATES,Personal - Miscellaneous,,,,,
7/23/22,DISCORD* NITROMONTHLSAN FRANCISCO       CA, $9.99 ,"444 DE HARO ST
SUITE 200","SAN FRANCISCO
CA",94107,UNITED STATES,Personal - Miscellaneous,,,,,
7/23/22,EASY CAR TRANSPORT LREDDING             CA, $100.00 ,"STE 200
1267 WILLIS ST STE 200","REDDING
CA",96001,UNITED STATES OF AMERICA (THE),Transportation - Travel,,,,,
7/23/22,MACYS  SHORT HILLS 0SHORT HILLS         NJ, $150.00 ,KENNEDY PARKWAY WEST,"SHORT HILLS
NJ",07078,UNITED STATES,Personal - Clothing,,,,,
7/24/22,DELICIOUS HEIGHTS 00BERKELEY HEIG       NJ, $155.91 ,"428 SPRINGFIELD AVE
STE B","BERKELEY HEIGHTS
NJ",07922-1197,UNITED STATES,Food - Restaurants,,,,,
7/25/22,VENMO GOODS & SERVICNEW YORK            NY, $300.00 ,117 BARROW ST,"NEW YORK
NY",100,UNITED STATES,Personal - Furniture,,,,,
7/26/22,WALGREENS           NEW HAVEN           CT, $18.07 ,88 YORK ST,"NEW HAVEN
CT",06511,UNITED STATES,Health Care,,,,,
7/26/22,EDX                 CAMBRIDGE           MA, $149.00 ,"141 PORTLAND ST
9TH FLOOR","CAMBRIDGE
MA",02139,UNITED STATES,Personal - Books,,,,,
7/27/22,AMAZON MARKEPLACE NA PA, $19.11 ,410 TERRY AVE N,"SEATTLE
WA",98109,UNITED STATES,Personal - Books,,,,,
7/27/22,CHANGE *AETNA PROVID800-495-4685        TN, $2.85 ,3055 LEBANON PIKE,"NASHVILLE
TN",37214,UNITED STATES,Health Care,,,,,
7/27/22,CHANGE *AETNA PROVID800-495-4685        TN, $11.83 ,3055 LEBANON PIKE,"NASHVILLE
TN",37214,UNITED STATES,Health Care,,,,,
7/27/22,CHANGE *AETNA PROVID800-495-4685        TN, $16.30 ,3055 LEBANON PIKE,"NASHVILLE
TN",37214,UNITED STATES,Health Care,,,,,
7/27/22,CHANGE *AETNA PROVID800-495-4685        TN, $25.00 ,3055 LEBANON PIKE,"NASHVILLE
TN",37214,UNITED STATES,Health Care,,,,,
7/27/22,CHANGE *AETNA PROVID800-495-4685        TN, $25.00 ,3055 LEBANON PIKE,"NASHVILLE
TN",37214,UNITED STATES,Health Care,,,,,
7/27/22,CHANGE *AETNA PROVID800-495-4685        TN, $35.74 ,3055 LEBANON PIKE,"NASHVILLE
TN",37214,UNITED STATES,Health Care,,,,,
7/27/22,EXXONMOBIL 4792     MONROE              CT, $44.01 ,-,"(800) 243-9966
TX",77389,UNITED STATES,Transportation - Gas,,,,,
7/30/22,EXXONMOBIL 9970     RAHWAY              NJ, $47.08 ,-,"(800) 243-9966
TX",77389,UNITED STATES,Transportation - Gas,,,,,
7/31/22,APPLEBEE'S          CLARK               NJ, $62.31 ,1255 RARITAN RD UNIT 310,"CLARK
NJ",07066,UNITED STATES,Food - Restaurants,,,,,
8/1/22,NEW JERSEY E-Z PASS 888-288-6865        NJ, $50.00 ,375 MCCARTER HWY,"NEWARK
NJ",07114-2562,UNITED STATES,Transportation - Parking & Tolls,,,,,
8/1/22,TARGET.COM          800-591-3869        MN, $12.40 ,"33 SOUTH 6TH ST
STE CC1","MINNEAPOLIS
MN",55402-3700,UNITED STATES,Food - Groceries,,,,,
8/2/22,BUNGALOW            SAN FRANCISCO       CA," $1,454.40 ","1 LETTERMAN DR
SUITE C 500","SAN FRANCISCO
CA",94129,UNITED STATES,Transportation - Travel,,,,,
8/3/22,AplPay APPLE.COM/BILINTERNET CHARGE     CA, $0.99 ,One Apple Park Way,"Cupertino
CA",95014,UNITED STATES,Subscription,,,,,
8/4/22,E-Payment, $10.72 ,,,,,Utilities - Gas,,,,,
8/4/22,RITE AID 10370 1037 MONROE              CT, $7.20 ,435 MAIN ST STE 1,"MONROE
CT",06468,UNITED STATES,Food - Groceries,,,,,
8/5/22,BT*STUDY.COM 8772644MOUNTAIN VIEW       CA, $6.37 ,"100 VW ST
SUITE 202","MOUNTAIN VIEW
CA",94041,UNITED STATES,Personal - Books,,,,,
8/6/22,THREE GIRLS VEGAN CRGuilford            CT, $50.00 ,645 BOSTON POST RD,"GUILFORD
CT",06437,UNITED STATES,Food - Restaurants,,,,,
8/6/22,WENDY'S BRANFORD 000BRANFORD            CT, $2.14 ,1016 WEST MAIN ST,"BRANFORD
CT",06405,UNITED STATES,Food - Restaurants,,,,,
8/9/22,E-Payment," $1,550.00 ",,,,,Housing,,,,,
8/9/22,EXXONMOBIL 9742     FAIRFIELD           CT, $54.01 ,-,"(800) 243-9966
TX",77389,UNITED STATES,Transportation - Gas,,,,,
8/9/22,MOES BISTRO 02177002NEW PROVIDENC       NJ, $168.80 ,535 CENTRAL AVE,"NEW PROVIDENCE
NJ",7974,UNITED STATES,Food - Restaurants,,,,,
8/10/22,TARGET              NORTH HAVEN         CT, $24.03 ,200 UNIVERSAL DR NORTH,"NORTH HAVEN
CT",06473,UNITED STATES,Food - Groceries,,,,,
8/11/22,E-Payment, $154.79 ,,,,,Utilities - Electric,,,,,
8/11/22,CUMBERLAND FARMS 476MONROE              CT, $48.01 ,455 MAIN ST,"MONROE
CT",06468,UNITED STATES,Transportation - Gas,,,,,
8/11/22,TARGET              ORANGE              CT, $786.95 ,25 BOSTON POST RD,"ORANGE
CT",06477,UNITED STATES,Food - Groceries,,,,,
8/13/22,AMAZON.COM*2649A33F3AMZN.COM/BILL       WA, $37.15 ,410 TERRY AVE N,"SEATTLE
WA",98109,UNITED STATES,Personal - Books,,,,,
8/13/22,CANTALOUPE 2 0000   MALVERN             PA, $7.00 ,100 DEERFIELD LN STE 300,"MALVERN
PA",19355,UNITED STATES,Food - Groceries,,,,,
8/13/22,OUTBACK STEAKHOUSE  SPRINGFIELD         NJ, $168.00 ,901 MTN AVE,"SPRINGFIELD
NJ",07081-3414,UNITED STATES,Food - Restaurants,,,,,
8/13/22,THE LEARNING CENTER KENILWORTH          NJ, $29.00 ,"OF FINANCE
ADMINISTRATION BLDG","ELIZABETH
NJ",07207,UNITED STATES,Personal - Entertainment,,,,,
8/15/22,COMCAST CABLE COMM  800-COMCAST         NH, $39.99 ,"676 ISLAND POND RD
-","MANCHESTER
NH",03109,UNITED STATES,Utilities - Internet,,,,,
8/15/22,"THRIFT Personal - Books GLOBAL,TUKWILA             WA", $12.10 ,18300 CASCADE AVE SOUTH STE 150,"SEATTLE
WA",98188,UNITED STATES,Personal - Books,,,,,
8/15/22,"THRIFT Personal - Books GLOBAL,TUKWILA             WA", $24.12 ,18300 CASCADE AVE SOUTH STE 150,"SEATTLE
WA",98188,UNITED STATES,Personal - Books,,,,,
8/16/22,E-Payment, $166.00 ,,,,,Transportation - Loan,,,,,
8/16/22,E-Payment, $116.00 ,,,,,Transportation - Insurance,,,,,
8/18/22,EXXONMOBIL 4792     MONROE              CT, $50.00 ,-,"(800) 243-9966
TX",77389,UNITED STATES,Transportation - Gas,,,,,
8/18/22,PAYPAL *FIRMOOONLIN 8554876006          CH, $82.71 ,.,"San Jose
CA",95131,UNITED STATES,Personal - Clothing,,,,,
8/20/22,AMAZON MARKEPLACE NA PA, $28.70 ,410 TERRY AVE N,"SEATTLE
WA",98109,UNITED STATES,Personal - Books,,,,,
8/20/22,STOP & SHOP         HAMDEN              CT, $53.50 ,2335 DIXWELL AVE STE 5,"HAMDEN
CT",06514,UNITED STATES,Food - Groceries,,,,,
8/26/22,RITE AID 10370 1037 MONROE              CT, $42.26 ,435 MAIN ST STE 1,"MONROE
CT",06468,UNITED STATES,Food - Groceries,,,,,
8/27/22,AIRBNB * HMNKSJ48XX SAN FRANCISCO       CA," $1,791.53 ",888 BRANNAN ST FL 4,"SAN FRANCISCO
CA",94103,UNITED STATES,Transportation - Travel,,,,,
8/27/22,AIRBNB * INC        SAN FRANCISCO       CA, $500.00 ,888 BRANNAN ST FL 4,"SAN FRANCISCO
CA",94103,UNITED STATES,Transportation - Travel,,,,,
8/27/22,HYATT HILLS GOLF COURESTON              VA, $30.00 ,"12700 SNRS VLY DR
STE 300","RESTON
VA",20191-5807,UNITED STATES,Personal - Entertainment,,,,,
8/27/22,LSF SHORT HILLS 00E7SHORT HILLS         NJ, $280.00 ,1200 MORRIS TPKE,"SHORT HILLS
NJ",07078,UNITED STATES,Food - Restaurants,,,,,
8/27/22,SUNOCO 0558352100 05WALL TOWNSHIP       NJ, $49.24 ,-,"-
TX",75231,UNITED STATES,Transportation - Gas,,,,,
8/28/22,CHIPOTLE 3052 0000  SPRINGFIELD         NJ, $75.44 ,713 MORRIS TPKE,"SPRINGFIELD
NJ",07081,UNITED STATES,Food - Restaurants,,,,,
8/28/22,MACYS  SHORT HILLS 0SHORT HILLS         NJ, $399.99 ,KENNEDY PARKWAY WEST,"SHORT HILLS
NJ",07078,UNITED STATES,Personal - Clothing,,,,,
8/30/22,NEW JERSEY E-Z PASS 888-288-6865        NJ, $50.00 ,375 MCCARTER HWY,"NEWARK
NJ",07114-2562,UNITED STATES,Transportation - Parking & Tolls,,,,,
8/30/22,DUNKIN #344944 Q35 3MONROE              CT, $5.45 ,695 MAIN ST,"MONROE
CT",06468,UNITED STATES,Food - Restaurants,,,,,
8/30/22,KOHLS.COM           http://www.kohls.comOH, $44.99 ,3500 SALZMAN RD,"MIDDLETOWN
OH",45044-9401,UNITED STATES,Personal - Clothing,,,,,
8/31/22,AplPay SUBWAY       MONROE              CT, $9.75 ,640 MAIN ST,"MONROE
CT",06468-2808,UNITED STATES,Food - Restaurants,,,,,
9/1/22,VIOC GE1605 GE16    MONROE              CT, $82.29 ,"RR 25
163 MAIN ST","MONROE
CT",06468-1166,UNITED STATES,Transportation - Maintenance,,,,,
9/2/22,E-Payment, $18.07 ,,,,,Utilities - Gas,,,,,
9/3/22,AplPay APPLE.COM/BILINTERNET CHARGE     CA, $0.99 ,One Apple Park Way,"Cupertino
CA",95014,UNITED STATES,Subscription,,,,,
9/4/22,ANCESTRY.COM        800-262-3787        UT, $16.67 ,1300 WEST TRAVERSE PKWY,"LEHI
UT",84043,UNITED STATES,Personal - Miscellaneous,,,,,
9/4/22,TARGET              CLARK               NJ, $58.04 ,45 CENTRAL AVE,"CLARK
NJ",07066,UNITED STATES,Food - Groceries,,,,,
9/6/22,PAYPAL *FIRMOOONLIN 8554876006          CH, $9.96 ,.,"San Jose
CA",95131,UNITED STATES,Health Care,,,,,
9/6/22,THE UPS STORE       NEW HAVEN           CT, $23.93 ,33 DIXWELL AVE,"NEW HAVEN
CT",06511,UNITED STATES,Personal - Miscellaneous,,,,,
9/8/22,E-Payment, $166.00 ,,,,,Transportation - Loan,,,,,
9/8/22,E-Payment, $95.00 ,,,,,Transportation - Insurance,,,,,
9/13/22,E-Payment," $1,550.00 ",,,,,Housing,,,,,
9/14/22,CHARLES TYRWHITT SHILONDON              GB, $42.49 ,"PMB 303
103 FOULK ROAD","WILMINGTON
DE",19803,UNITED STATES,Personal - Clothing,,,,,
9/15/22,AUTOZONE # 3475 0000NEW HAVEN           CT, $13.81 ,495 ORCH ST,"NEW HAVEN
CT",06511,UNITED STATES,Transportation - Maintenance,,,,,
9/15/22,COMCAST CABLE COMM  800-COMCAST         NH, $39.99 ,"676 ISLAND POND RD
-","MANCHESTER
NH",03109,UNITED STATES,Utilities - Internet,,,,,
9/15/22,SKULL & COMBS CO.   New Haven           CT, $50.00 ,832 STATE ST,"NEW HAVEN
CT",06511,UNITED STATES,Personal - Miscellaneous,,,,,
9/17/22,STOP & SHOP #694    N HAVEN             CT, $10.82 ,79 WASHINGTON AVE,"NORTH HAVEN
CT",06473,UNITED STATES,Food - Groceries,,,,,
9/17/22,TFT NORTH HAVEN #528NORTH HAVEN         CT, $466.24 ,"55 WASHINGTON AVE
STE 2","NORTH HAVEN
CT",06473-1716,UNITED STATES,Transportation - Travel,,,,,
9/20/22,STOP & SHOP #2633   NEW HAVEN           CT, $102.11 ,140 WHALLEY AVE,"NEW HAVEN
CT",06511,UNITED STATES,Food - Groceries,,,,,
9/23/22,CHIPOTLE            ITHACA              NY, $18.68 ,740 SOUTH MDWS ST,"ITHACA
NY",14850-5377,UNITED STATES,Food - Restaurants,,,,,
9/23/22,DISCORD* NITROMONTHLSAN FRANCISCO       CA, $9.99 ,"444 DE HARO ST
SUITE 200","SAN FRANCISCO
CA",94107,UNITED STATES,Personal - Clothing,,,,,
9/24/22,WAL-MART SUPERCENTERITHACA              NY, $33.42 ,135 FAIRGROUNDS MEMORIAL,"ITHACA
NY",14850-5362,UNITED STATES,Food - Groceries,,,,,
9/25/22,TST* COLLEGETOWN BAGITHACA              NY, $2.70 ,420 COLLEGE AVE,"ITHACA
NY",14850-4626,UNITED STATES,Food - Restaurants,,,,,
9/25/22,TST* COLLEGETOWN BAGITHACA              NY, $50.49 ,420 COLLEGE AVE,"ITHACA
NY",14850-4626,UNITED STATES,Food - Restaurants,,,,,
9/26/22,E-Payment, $122.90 ,,,,,Utilities - Electric,,,,,
9/30/22,CUMBERLAND FARMS 476MONROE              CT, $30.00 ,455 MAIN ST,"MONROE
CT",06468,UNITED STATES,Transportation - Gas,,,,,
10/1/22,ANCESTRY.COM        800-262-3787        UT, $25.00 ,1300 WEST TRAVERSE PKWY,"LEHI
UT",84043,UNITED STATES,Personal - Miscellaneous,,,,,
10/1/22,TARGET              NORTH HAVEN         CT, $210.17 ,200 UNIVERSAL DR NORTH,"NORTH HAVEN
CT",06473,UNITED STATES,Food - Groceries,,,,,
10/3/22,AplPay APPLE.COM/BILINTERNET CHARGE     CA, $0.99 ,One Apple Park Way,"Cupertino
CA",95014,UNITED STATES,Subscription,,,,,
10/4/22,"THRIFT Personal - Books GLOBAL,TUKWILA             WA", $74.52 ,18300 CASCADE AVE SOUTH STE 150,"SEATTLE
WA",98188,UNITED STATES,Personal - Books,,,,,
10/5/22,E-Payment, $166.00 ,,,,,Transportation - Loan,,,,,
10/5/22,E-Payment, $95.00 ,,,,,Transportation - Insurance,,,,,
10/6/22,E-Payment, $35.94 ,,,,,Utilities - Gas,,,,,
10/7/22,DISNEYPLUS          888-905-7888        CA, $6.38 ,500 SOUTH BUENA VIS ST,"BURBANK
CA",91521,UNITED STATES,Personal - Entertainment,,,,,
10/7/22,BEST BUY            NORTH HAVEN         CT, $111.64 ,398 UNIVERSAL DR NORTH STE 1234,"NORTH HAVEN
CT",06473,UNITED STATES,Personal - Electronics,,,,,
10/7/22,TARGET              NORTH HAVEN         CT, $32.00 ,200 UNIVERSAL DR NORTH,"NORTH HAVEN
CT",06473,UNITED STATES,Food - Groceries,,,,,
10/9/22,FUBO TV             844-441-3826        NY, $1.00 ,1330 AVE OF THE AMERICAS FL 9,"NEW YORK
NY",10019,UNITED STATES,Personal - Entertainment,,,,,
10/12/22,E-Payment," $1,550.00 ",,,,,Housing,,,,,
10/15/22,COMCAST CABLE COMM  800-COMCAST         NH, $39.99 ,"676 ISLAND POND RD
-","MANCHESTER
NH",03109,UNITED STATES,Utilities - Internet,,,,,
10/15/22,CHIPOTLE 1981 0000  NEW HAVEN           CT, $13.20 ,900 CHAPEL ST,"NEW HAVEN
CT",06510-2802,UNITED STATES,Food - Restaurants,,,,,
10/15/22,NICAS MARKET 6500000NEW HAVEN           CT, $6.62 ,603 ORANGE ST,"NEW HAVEN
CT",06511,UNITED STATES,Food - Groceries,,,,,
10/15/22,POKEMOTO (CHAPEL ST)NEW HAVEN           CT, $24.76 ,1145 CHAPEL ST,"NEW HAVEN
CT",06511,UNITED STATES,Food - Restaurants,,,,,
10/16/22,FUBO TV             844-441-3826        NY, $1.00 ,1330 AVE OF THE AMERICAS FL 9,"NEW YORK
NY",10019,UNITED STATES,Personal - Entertainment,,,,,
10/17/22,AMAZON.COM*HT6AH9UJ1AMZN.COM/BILL       WA, $20.15 ,410 TERRY AVE N,"SEATTLE
WA",98109,UNITED STATES,Personal - Books,,,,,
10/17/22,CHIPOTLE 1981 0000  NEW HAVEN           CT, $8.53 ,900 CHAPEL ST,"NEW HAVEN
CT",06510-2802,UNITED STATES,Food - Restaurants,,,,,
10/17/22,POKEMOTO (CHAPEL ST)NEW HAVEN           CT, $17.17 ,1145 CHAPEL ST,"NEW HAVEN
CT",06511,UNITED STATES,Food - Restaurants,,,,,
10/17/22,SLING TV            ENGLEWOOD           CO, $37.22 ,9601 SOUTH MERIDIAN BLVD,"ENGLEWOOD
CO",80112-5905,UNITED STATES,Personal - Entertainment,,,,,
10/17/22,SKULL & COMBS CO.   New Haven           CT, $52.50 ,832 STATE ST,"NEW HAVEN
CT",06511,UNITED STATES,Personal - Miscellaneous,,,,,
10/18/22,TICKET OFFICE 0000  ITHACA              NY, $693.00 ,554 CAMPUS RD,"ITHACA
NY",14853,UNITED STATES,Personal - Entertainment,,,,,
10/20/22,BT*DD *DOORDASH COSTSAN FRANCISCO       CA, $36.21 ,303 2ND ST FL 8,"SAN FRANCISCO
CA",94107,UNITED STATES,Food - Restaurants,,,,,
10/22/22,UBER EATS           SAN FRANSISCO       CA, $30.63 ,"1455 MARKET ST 4TH
FL","SAN FRANCISCO
CA",94103,UNITED STATES,Food - Restaurants,,,,,
10/23/22,CVS PHARMACY        HAMDEN              CT, $37.96 ,2045 DIXWELL AVE,"HAMDEN
CT",06514,UNITED STATES,Health Care,,,,,
10/25/22,E-Payment, $65.44 ,,,,,Utilities - Electric,,,,,
10/27/22,NEW JERSEY E-Z PASS 888-288-6865        NJ, $50.00 ,375 MCCARTER HWY,"NEWARK
NJ",07114-2562,UNITED STATES,Transportation - Parking & Tolls,,,,,
10/29/22,BT*DD *DOORDASH MANNSAN FRANCISCO       CA, $23.45 ,303 2ND ST FL 8,"SAN FRANCISCO
CA",94107,UNITED STATES,Food - Restaurants,,,,,
10/29/22,UCVTS Magnet High ScSCOTCH PLAINS       NJ, $30.00 ,1776 RARITAN RD,"SCOTCH PLAINS
NJ",07076,UNITED STATES,Personal - Entertainment,,,,,
10/30/22,AMAZON.COM*H01ME1BN1AMZN.COM/BILL       WA, $98.72 ,410 TERRY AVE N,"SEATTLE
WA",98109,UNITED STATES,Personal - Books,,,,,
10/31/22,Audible             audible.com         NJ, $12.27 ,1 WASHINGTON PARK,"NEWARK
NJ",07102-3122,UNITED STATES,Personal - Books,,,,,
11/1/22,BEST BUY            TRUMBULL            CT, $308.40 ,"100 HAWLEY LN
STE 1","TRUMBULL
CT",06611-5330,UNITED STATES,Personal - Electronics,,,,,
11/2/22,TOTAL PROMOTIONS 000HIGHLAND PARK       IL, $161.74 ,1340 OLD SKOKIE VLY RD,"HIGHLAND PARK
IL",60035,UNITED STATES,Personal - Clothing,,,,,
11/3/22,E-Payment, $31.39 ,,,,,Utilities - Gas,,,,,
11/3/22,AplPay APPLE.COM/BILINTERNET CHARGE     CA, $0.99 ,One Apple Park Way,"Cupertino
CA",95014,UNITED STATES,Subscription,,,,,
11/3/22,DICKS SPORTING      MILFORD             CT, $90.39 ,1201 BOSTON POST RD,"MILFORD
CT",06460,UNITED STATES,Personal - Clothing,,,,,
11/3/22,MISS CHOCOLATE 00-08MELVILLE            NY, $47.52 ,300 SPAGNOLI RD,"MELVILLE
NY",11747-3507,UNITED STATES,Food - Groceries,,,,,
11/5/22,BRILLIANTEARTHLLC   SAN FRANCISCO       CA, $593.21 ,300 GRANT AVE,"SAN FRANCISCO
CA",94108,UNITED STATES,Personal - Miscellaneous,,,,,
11/9/22,Audible             audible.com         NJ, $12.61 ,1 WASHINGTON PARK,"NEWARK
NJ",07102-3122,UNITED STATES,Personal - Books,,,,,
11/13/22,COURSRAN4M56Y60RZL30MOUNTAIN VI         CA, $41.48 ,381 EAST EVELYN AVE,"MOUNTAIN VIEW
CA",94041-1530,UNITED STATES,Personal - Books,,,,,
11/13/22,STOP & SHOP         HAMDEN              CT, $118.47 ,2335 DIXWELL AVE STE 5,"HAMDEN
CT",06514,UNITED STATES,Food - Groceries,,,,,
11/15/22,E-Payment," $1,550.00 ",,,,,Housing,,,,,
11/15/22,COMCAST CABLE COMM  800-COMCAST         NH, $39.99 ,"676 ISLAND POND RD
-","MANCHESTER
NH",03109,UNITED STATES,Utilities - Internet,,,,,
11/16/22,Audible             audible.com         NJ, $15.90 ,1 WASHINGTON PARK,"NEWARK
NJ",07102-3122,UNITED STATES,Personal - Books,,,,,
11/16/22,DUNKIN #344944 Q35 3MONROE              CT, $7.92 ,695 MAIN ST,"MONROE
CT",06468,UNITED STATES,Food - Restaurants,,,,,
11/17/22,BRILLIANTEARTHLLC   SAN FRANCISCO       CA, $1.53 ,300 GRANT AVE,"SAN FRANCISCO
CA",94108,UNITED STATES,Personal - Miscellaneous,,,,,
11/18/22,STUBHUB             SAN FRANCISCO       CA," $1,615.95 ",199 FREMONT ST,"SAN FRANCISCO
CA",94105,UNITED STATES,Personal - Entertainment,,,,,
11/20/22,FRANK PEPES         NEW HAVEN           CT, $27.53 ,"ONE WORLD TRADE
CTR 82ND FLOOR","NEW YORK
NY",10007,UNITED STATES,Food - Restaurants,,,,,
11/21/22,"THRIFT Personal - Books GLOBAL,TUKWILA             WA", $26.90 ,18300 CASCADE AVE SOUTH STE 150,"SEATTLE
WA",98188,UNITED STATES,Personal - Books,,,,,
11/23/22,E-Payment, $166.00 ,,,,,Transportation - Loan,,,,,
11/23/22,E-Payment, $95.00 ,,,,,Transportation - Insurance,,,,,
11/23/22,E-Payment, $55.97 ,,,,,Utilities - Electric,,,,,
11/23/22,AplPay PARKMOBILE   HOBOKEN             NJ, $2.35 ,1100 SPG ST NORTH WEST STE 200,"ATLANTA
GA",30309,UNITED STATES,Transportation - Parking & Tolls,,,,,
11/25/22,BT*DD *DOORDASH MANNSAN FRANCISCO       CA, $42.62 ,303 2ND ST FL 8,"SAN FRANCISCO
CA",94107,UNITED STATES,Food - Restaurants,,,,,
11/26/22,AplPay PARKMOBILE   770-818-9036        GA, $1.95 ,1100 SPG ST NORTH WEST STE 200,"ATLANTA
GA",30309,UNITED STATES,Transportation - Parking & Tolls,,,,,
11/27/22,CVS PHARMACY        HAMDEN              CT, $22.84 ,2045 DIXWELL AVE,"HAMDEN
CT",06514,UNITED STATES,Health Care,,,,,
11/27/22,NYCDOT PARKNYC      LONG ISLAND C       NY, $11.45 ,34-02 QUEENS BLVD,"LONG ISLAND CITY
NY",11101,UNITED STATES,Transportation - Parking & Tolls,,,,,
11/27/22,SPLASH CAR WASH HAMDHAMDEN              CT, $11.70 ,27 CONNOLLY PKWY,"HAMDEN
CT",06514,UNITED STATES,Transportation - Maintenance,,,,,
11/27/22,WALGREENS           NEW HAVEN           CT, $17.63 ,87 FOXON ST,"NEW HAVEN
CT",06513,UNITED STATES,Food - Groceries,,,,,
11/28/22,AplPay APPLE.COM/BILINTERNET CHARGE     CA, $42.64 ,One Apple Park Way,"Cupertino
CA",95014,UNITED STATES,Personal - Entertainment,,,,,
11/28/22,NEW JERSEY E-Z PASS 888-288-6865        NJ, $35.00 ,375 MCCARTER HWY,"NEWARK
NJ",07114-2562,UNITED STATES,Transportation - Parking & Tolls,,,,,
12/1/22,AMZN DIGITAL*7Q87E7S888-802-3080        WA, $9.56 ,"410 TERRY AVE N
-","SEATTLE
WA",98109,UNITED STATES,Personal - Books,,,,,
12/3/22,AplPay APPLE.COM/BILINTERNET CHARGE     CA, $0.99 ,One Apple Park Way,"Cupertino
CA",95014,UNITED STATES,Subscription,,,,,
12/4/22,PRIME VIDEO *TE46V4H888-802-3080        WA, $4.24 ,"410 TERRY AVE N
-","SEATTLE
WA",98109,UNITED STATES,Personal - Entertainment,,,,,
12/5/22,E-Payment, $44.16 ,,,,,Utilities - Gas,,,,,
12/6/22,STOP & SHOP         HAMDEN              CT, $57.30 ,2335 DIXWELL AVE STE 5,"HAMDEN
CT",06514,UNITED STATES,Food - Groceries,,,,,
12/8/22,E-Payment, $166.00 ,,,,,Transportation - Insurance,,,,,
12/8/22,E-Payment, $95.00 ,,,,,Housing,,,,,
12/9/22,E-Payment," $1,550.00 ",,,,,Housing,,,,,
12/10/22,PRIME VIDEO *OW8Y963888-802-3080        WA, $4.24 ,"410 TERRY AVE N
-","SEATTLE
WA",98109,UNITED STATES,Personal - Entertainment,,,,,
12/10/22,STOP & SHOP         HAMDEN              CT, $122.00 ,2335 DIXWELL AVE STE 5,"HAMDEN
CT",06514,UNITED STATES,Food - Groceries,,,,,
12/10/22,UNITED AIRLINES     HOUSTON             TX, $377.35 ,"HSCAC - 12TH
FLOOR 609 MAIN STREET","HOUSTON
TX",77002,UNITED STATES,Transportation - Travel,,,,,
12/11/22,GOOGLE *YT PRIMETIMEG.CO/HELPPAY#       CA, $8.99 ,1600 AMPHITHEATRE PKWY,"MOUNTAIN VIEW
CA",94043-1351,UNITED STATES,Personal - Miscellaneous,,,,,
12/12/22,STOP & SHOP #2633   NEW HAVEN           CT, $61.19 ,140 WHALLEY AVE,"NEW HAVEN
CT",06511,UNITED STATES,Food - Groceries,,,,,
12/13/22,YALE UNIVERSITY AMANNEW HAVEN           CT, $3.00 ,"2 WHITNEY AVE 1
FL","NEW HAVEN
CT",06520,UNITED STATES,Transportation - Parking & Tolls,,,,,
12/15/22,Audible             audible.com         NJ, $15.90 ,1 WASHINGTON PARK,"NEWARK
NJ",07102-3122,UNITED STATES,Personal - Books,,,,,
12/15/22,COMCAST CABLE COMM  800-COMCAST         NH, $39.99 ,"676 ISLAND POND RD
-","MANCHESTER
NH",03109,UNITED STATES,Utilities - Internet,,,,,
12/20/22,BEST BUY            NORTH HAVEN         CT, $60.60 ,398 UNIVERSAL DR NORTH STE 1234,"NORTH HAVEN
CT",06473,UNITED STATES,Personal - Electronics,,,,,
12/21/22,SKULL & COMBS CO.   New Haven           CT, $45.00 ,832 STATE ST,"NEW HAVEN
CT",06511,UNITED STATES,Personal - Miscellaneous,,,,,
12/23/22,E-Payment, $56.43 ,,,,,Utilities - Electric,,,,,
12/23/22,AMAZON.COM          AMZN.COM/BILL       WA, $32.21 ,410 TERRY AVE N,"SEATTLE
WA",98109,UNITED STATES,Personal - Miscellaneous,,,,,
12/23/22,EPC*EPIC GAMES STORE919-854-0070        NC, $5.31 ,620 XRDS BLVD,"CARY
NC",27518-6965,UNITED STATES,Personal - Entertainment,,,,,
12/23/22,"THRIFT Personal - Books GLOBAL,TUKWILA             WA", $64.68 ,18300 CASCADE AVE SOUTH STE 150,"SEATTLE
WA",98188,UNITED STATES,Personal - Books,,,,,
12/24/22,AMAZON.COM          AMZN.COM/BILL       WA, $25.00 ,410 TERRY AVE N,"SEATTLE
WA",98109,UNITED STATES,Personal - Miscellaneous,,,,,
12/25/22,AMAZON.COM          AMZN.COM/BILL       WA, $25.00 ,410 TERRY AVE N,"SEATTLE
WA",98109,UNITED STATES,Personal - Miscellaneous,,,,,
12/25/22,NEW JERSEY E-Z PASS 888-288-6865        NJ, $35.00 ,375 MCCARTER HWY,"NEWARK
NJ",07114-2562,UNITED STATES,Transportation - Parking & Tolls,,,,,
12/27/22,STEAMPOWERED.COM, $5.31 ,10400 NORTH EAST 4TH ST,"BELLEVUE
WA",98004,UNITED STATES,Personal - Entertainment,,,,,
12/30/22,MACYS  SHORT HILLS 0SHORT HILLS         NJ, $208.75 ,KENNEDY PARKWAY WEST,"SHORT HILLS
NJ",07078,UNITED STATES,Personal - Clothing,,,,,
12/30/22,UMI SUSHI 0001      MILLBURN            NJ, $101.00 ,339 MILLBURN AVE,"MILLBURN
NJ",07041,UNITED STATES,Food - Restaurants,,,,,
12/31/22,E-Payment, $81.27 ,,,,,Utilities - Gas,,,,,